image_name,target
ISIC_2637011,0.0001421518
ISIC_0149568,0.0005118978
ISIC_0156772,0.024263186
ISIC_0188432,0.14936735
